module	seconds	peak_gb
Chunk000Head	0.9	0.69
Chunk000R0	1.0	0.70
Chunk000R1	1.0	0.71
Chunk000R10	4.2	1.63
Chunk000R11	3.8	1.48
Chunk000R12	2.2	1.05
Chunk000R13	1.8	0.93
Chunk000R14	1.1	0.74
Chunk000R2	0.9	0.72
Chunk000R3	2.1	1.03
Chunk000R4	2.7	1.22
Chunk000R5	6.0	2.10
Chunk000R6	8.4	2.69
Chunk000R7	8.3	2.66
Chunk000R8	8.4	2.71
Chunk000R9	6.1	2.09
Chunk001Head	0.5	0.58
Chunk001R0	0.5	0.59
Chunk001R1	0.5	0.59
Chunk001R10	2.0	0.99
Chunk001R11	1.2	0.80
Chunk001R12	0.7	0.64
Chunk001R13	0.5	0.59
Chunk001R2	0.6	0.60
Chunk001R3	0.5	0.60
Chunk001R4	1.3	0.80
Chunk001R5	1.8	0.93
Chunk001R6	3.4	1.36
Chunk001R7	1.8	0.93
Chunk001R8	3.5	1.38
Chunk001R9	2.3	1.10
Chunk002	8.0	2.62
Chunk003	4.9	1.81
Chunk004	8.5	2.73
Chunk005	8.4	2.71
Chunk006	12.1	3.65
Chunk007	8.2	2.67
Chunk008	10.2	3.13
Chunk009	10.0	3.09
Chunk010	9.7	3.01
Chunk011	12.4	3.64
Chunk012	9.7	3.01
Chunk013	15.7	4.27
Chunk014	12.1	3.54
Chunk015	12.7	3.60
Chunk016	13.0	3.67
Chunk017	15.3	4.06
Chunk018	13.1	3.76
Chunk019	12.0	3.60
Chunk020	15.2	4.20
Chunk021	15.1	4.18
Chunk022	15.2	4.21
Chunk023	15.2	4.23
Chunk024	14.0	3.94
Chunk025	15.6	4.39
Chunk026	16.9	4.69
Chunk027	16.1	4.55
Chunk028	16.0	4.52
Chunk029	16.0	4.46
Chunk030	16.2	4.55
Chunk031	13.8	3.89
Chunk032	13.6	3.96
Chunk033	14.2	4.08
Chunk034	14.6	4.17
Chunk035	15.7	4.55
Chunk036	11.8	3.57
Chunk037	11.9	3.62
Chunk038	10.6	3.34
Chunk039	13.7	3.95
Chunk040	12.7	3.83
Chunk041	11.4	3.49
Chunk042	14.1	3.95
Chunk043	14.2	4.02
Chunk044	9.9	3.05
Chunk045	9.7	3.01
Chunk046	10.0	3.13
Chunk047	8.7	2.79
Chunk048	9.6	2.98
Chunk049	10.1	3.10
Chunk050	9.7	2.98
Chunk051	10.0	3.12
Chunk052	10.9	3.32
Chunk053	10.5	3.18
Chunk054	10.6	3.19
Chunk055	10.3	3.17
Chunk056	7.9	2.54
Chunk057	7.7	2.50
Chunk058	8.1	2.62
Chunk059	8.7	2.77
Chunk060	8.0	2.55
Chunk061	8.3	2.55
Chunk062	8.1	2.54
Chunk063	8.1	2.53
Chunk064	8.7	2.67
Chunk065	9.0	2.73
Chunk066	8.3	2.58
Chunk067	9.0	2.77
Chunk068	9.2	2.83
Chunk069	9.0	2.78
Chunk070	8.5	2.64
Chunk071	8.0	2.49
Chunk072	6.0	2.02
Chunk073	6.6	2.16
Chunk074	6.6	2.18
Chunk075	7.6	2.43
Chunk076	7.5	2.39
Chunk077	6.3	2.13
Chunk078	7.3	2.34
Chunk079	7.7	2.43
Chunk080	7.1	2.26
Chunk081	7.3	2.30
Chunk082	8.2	2.55
Chunk083	7.4	2.35
Chunk084	7.2	2.25
Chunk085	7.4	2.37
Chunk086	8.1	2.52
Chunk087	8.8	2.67
Chunk088	7.2	2.27
Chunk089	7.9	2.46
Chunk090	6.1	2.03
Chunk091	5.2	1.79
Chunk092	5.5	1.90
Chunk093	5.2	1.82
Chunk094	6.0	2.03
Chunk095	6.3	2.13
Chunk096	6.0	2.06
Chunk097	7.0	2.16
Chunk098	6.3	2.01
Chunk099	6.7	2.12
Chunk100	6.4	2.01
Chunk101	6.1	1.91
Chunk102	6.8	2.13
Chunk103	6.0	2.03
Chunk104	6.1	2.09
Chunk105	6.1	2.04
Chunk106	6.3	2.08
Chunk107	6.6	2.18
Chunk108	6.3	2.09
Chunk109	7.5	2.32
Chunk110	5.8	1.97
Chunk111	6.5	2.12
Chunk112	5.4	1.86
Chunk113	4.6	1.65
Chunk114	4.8	1.72
Chunk115	4.8	1.72
Chunk116	4.8	1.68
Chunk117	5.2	1.79
Chunk118	5.3	1.84
Chunk119	5.5	1.89
Chunk120	5.5	1.90
Chunk121	5.1	1.76
Chunk122	5.5	1.86
Chunk123	5.7	1.95
Chunk124	5.2	1.79
Chunk125	5.4	1.87
Chunk126	5.2	1.81
Chunk127	5.2	1.78
Chunk128	5.1	1.83
Chunk129	5.0	1.81
Chunk130	5.5	1.89
Chunk131	5.1	1.84
Chunk132	5.6	1.96
Chunk133	5.5	1.90
Chunk134	4.4	1.58
Chunk135	4.3	1.58
Chunk136	4.2	1.57
Chunk137	4.4	1.63
Chunk138	4.1	1.56
Chunk139	4.4	1.65
Chunk140	4.7	1.71
Chunk141	4.8	1.73
Chunk142	4.6	1.67
Chunk143	4.7	1.69
Chunk144	4.8	1.71
Chunk145	4.5	1.67
Chunk146	4.5	1.69
Chunk147	4.6	1.68
Chunk148	4.5	1.67
Chunk149	4.6	1.71
Chunk150	4.7	1.71
Chunk151	4.5	1.67
Chunk152	3.7	1.41
Chunk153	4.2	1.53
Chunk154	4.0	1.51
Chunk155	4.3	1.62
Chunk156	4.2	1.62
Chunk157	4.1	1.56
Chunk158	4.2	1.62
Chunk159	4.1	1.58
Chunk160	4.4	1.66
Chunk161	3.3	1.37
Chunk162	3.5	1.42
Chunk163	3.6	1.46
Chunk164	1.9	0.97
